Begin_position,End_position,Mutability,Shannon_entropy,Gap_percentage,Protein,Sequence
24591,24620,0.0011539545543978943,0.00961969798178159,0.007976644385238,S,AAAATGTCAGAGTGTGTACTTGGACAATCA
15007,15036,0.0013879361230317148,0.010846882234753021,0.007976644385238,ORF1ab,TACTATAACTCAAATGAATCTTAAGTATGC
14914,14943,0.0013985716488786148,0.011094271342078542,0.007976644385238,ORF1ab,TAATAAATGGGGTAAGGCTAGACTTTATTA
14915,14944,0.0013985716488786148,0.011094271342078542,0.007976644385238,ORF1ab,AATAAATGGGGTAAGGCTAGACTTTATTAT
14913,14942,0.0014251604634960813,0.011328804663566616,0.007976644385238,ORF1ab,TTAATAAATGGGGTAAGGCTAGACTTTATT
10436,10465,0.0014304782264194951,0.011356468286349442,0.007976644385238,ORF1ab,TTAATGGTTCATGTGGTAGTGTTGGTTTTA
26289,26318,0.001414524937648948,0.011407354609805716,0.007976644385238,E,TCCTTACTGCGCTTCGATTGTGTGCGTACT
26290,26319,0.0014145249376489478,0.011407354609805716,0.007976644385238,E,CCTTACTGCGCTTCGATTGTGTGCGTACTG
15008,15037,0.0014623848039606215,0.011448280858398493,0.007976644385238,ORF1ab,ACTATAACTCAAATGAATCTTAAGTATGCC
10437,10466,0.0014464315151899753,0.011494438422249339,0.007976644385238,ORF1ab,TAATGGTTCATGTGGTAGTGTTGGTTTTAA
