Begin_position,End_position,Mutability,Shannon_entropy,Gap_percentage,Sequence
24591,24620,0.0011539545543978,0.0096196979817815,0.007976644385238,AAAATGTCAGAGTGTGTACTTGGACAATCA
27121,27150,0.0013879361230314,0.0116188196409235,0.0124967428702079,GCTTTGCTTGTACAGTAAGTGACAACAGAT
15007,15036,0.0013879361230317,0.010846882234753,0.007976644385238,TACTATAACTCAAATGAATCTTAAGTATGC
27122,27151,0.0013932538859549,0.0116665822942633,0.0127626310163826,CTTTGCTTGTACAGTAAGTGACAACAGATG
14915,14944,0.0013985716488786,0.0110942713420785,0.007976644385238,AATAAATGGGGTAAGGCTAGACTTTATTAT
14914,14943,0.0013985716488786,0.0110942713420785,0.007976644385238,TAATAAATGGGGTAAGGCTAGACTTTATTA
26290,26319,0.0014145249376489,0.0114073546098057,0.007976644385238,CCTTACTGCGCTTCGATTGTGTGCGTACTG
26289,26318,0.0014145249376489,0.0114073546098057,0.007976644385238,TCCTTACTGCGCTTCGATTGTGTGCGTACT
27123,27152,0.0014145249376489,0.0118523150427055,0.0130285191625573,TTTGCTTGTACAGTAAGTGACAACAGATGT
14913,14942,0.001425160463496,0.0113288046635666,0.007976644385238,TTAATAAATGGGGTAAGGCTAGACTTTATT
