Begin_position,End_position,Mutability,Shannon_entropy,Gap_percentage,Sequence
24591,24620,0.0011539545543978,0.0096196979817815,0.007976644385238,AAAATGTCAGAGTGTGTACTTGGACAATCA
15007,15036,0.0013879361230317,0.010846882234753,0.007976644385238,TACTATAACTCAAATGAATCTTAAGTATGC
14915,14944,0.0013985716488786,0.0110942713420785,0.007976644385238,AATAAATGGGGTAAGGCTAGACTTTATTAT
14914,14943,0.0013985716488786,0.0110942713420785,0.007976644385238,TAATAAATGGGGTAAGGCTAGACTTTATTA
14913,14942,0.001425160463496,0.0113288046635666,0.007976644385238,TTAATAAATGGGGTAAGGCTAGACTTTATT
10436,10465,0.0014304782264194,0.0113564682863494,0.007976644385238,TTAATGGTTCATGTGGTAGTGTTGGTTTTA
26290,26319,0.0014145249376489,0.0114073546098057,0.007976644385238,CCTTACTGCGCTTCGATTGTGTGCGTACTG
26289,26318,0.0014145249376489,0.0114073546098057,0.007976644385238,TCCTTACTGCGCTTCGATTGTGTGCGTACT
15008,15037,0.0014623848039606,0.0114482808583984,0.007976644385238,ACTATAACTCAAATGAATCTTAAGTATGCC
10437,10466,0.0014464315151899,0.0114944384222493,0.007976644385238,TAATGGTTCATGTGGTAGTGTTGGTTTTAA
