Begin_position,End_position,Segment,Segment_begin_position,Segment_end_position,Mutability,Shannon_entropy,Gap_percentage,Protein,Sequence
2234,2263,1,2234,2263,0.029126213592232403,0.1575425582983402,0.0,PB2,CTTACTGACAGCCAGACAGCGACCAAAAGA
2232,2261,1,2232,2261,0.029225282345947404,0.15832242461249615,0.0,PB2,TACTTACTGACAGCCAGACAGCGACCAAAA
2233,2262,1,2233,2262,0.029324351099662502,0.15910228030614962,0.0,PB2,ACTTACTGACAGCCAGACAGCGACCAAAAG
2247,2276,1,2247,2276,0.036259163859717884,0.20272382216131662,0.0,PB2,AGACAGCGACCAAAAGAATTCGGATGGCCA
2248,2277,1,2248,2277,0.03645730136714798,0.20428354416912603,0.0,PB2,GACAGCGACCAAAAGAATTCGGATGGCCAT
2249,2278,1,2249,2278,0.03724985139686859,0.2088767941958362,0.0,PB2,ACAGCGACCAAAAGAATTCGGATGGCCATC
2235,2264,1,2235,2264,0.040717257776896505,0.21971950787151312,0.0,PB2,TTACTGACAGCCAGACAGCGACCAAAAGAA
2250,2279,1,2250,2279,0.03962750148603049,0.2242984469823873,0.0,PB2,CAGCGACCAAAAGAATTCGGATGGCCATCA
2251,2280,1,2251,2280,0.04012284525460579,0.2278014504349175,0.0,PB2,AGCGACCAAAAGAATTCGGATGGCCATCAA
2252,2281,1,2252,2281,0.04032098276203589,0.2293611724427269,0.0,PB2,GCGACCAAAAGAATTCGGATGGCCATCAAT
