Begin_position,End_position,Segment,Segment_begin_position,Segment_end_position,Mutability,Shannon_entropy,Gap_percentage,Protein,Sequence
10368,10397,5,1659,1688,0.022812393598910297,0.1293477798426995,0.0,NP,CTTTGGGAGGGACACAGCAGAGGATTATGA
10369,10398,5,1660,1689,0.022812393598910297,0.1293477798426995,0.0,NP,TTTGGGAGGGACACAGCAGAGGATTATGAT
10367,10396,5,1658,1687,0.022812393598910297,0.1293477798426995,0.0,NP,TCTTTGGGAGGGACACAGCAGAGGATTATG
10366,10395,5,1657,1686,0.023493360572012095,0.1308584340654698,0.0,NP,TTCTTTGGGAGGGACACAGCAGAGGATTAT
10364,10393,5,1655,1684,0.023493360572012095,0.1308584340654698,0.0,NP,TCTTCTTTGGGAGGGACACAGCAGAGGATT
10365,10394,5,1656,1685,0.023493360572012095,0.1308584340654698,0.0,NP,CTTCTTTGGGAGGGACACAGCAGAGGATTA
10353,10382,5,1644,1673,0.0251957780047666,0.1326671873743627,0.0,NP,CATCCCCAATTTCTTCTTTGGGAGGGACAC
10363,10392,5,1654,1683,0.023833844058562995,0.1332354684169823,0.0,NP,TTCTTCTTTGGGAGGGACACAGCAGAGGAT
10354,10383,5,1645,1674,0.025536261491317498,0.1350442217258752,0.0,NP,ATCCCCAATTTCTTCTTTGGGAGGGACACA
10352,10381,5,1643,1672,0.025876744977868398,0.1370807307711673,0.0,NP,CCATCCCCAATTTCTTCTTTGGGAGGGACA
